log_id_000001,2021-12-11 11:00:00,login,_,_,user_001,_,_
log_id_000002,2021-12-11 11:00:10,workflow,flow_001,stage_start,user_001,小文,_
log_id_000003,2021-12-11 11:01:00,query,_,_,user_001,_,_
log_id_000004,2021-12-11 11:03:10,workflow,flow_002,stage_start,user_002,小明,_
log_id_000005,2021-12-11 11:04:00,query,_,_,user_002,_,_
log_id_000006,2021-12-11 11:05:10,workflow,flow_001,stage_2,user_001,王三哥,_
log_id_000007,2021-12-11 11:06:10,workflow,flow_001,stage_3,user_001,张二哥,_
log_id_000008,2021-12-11 11:07:10,workflow,flow_001,stage_end,user_001,李总,flow_001_正常结束_02_06_07_08
log_id_000009,2021-12-11 12:04:10,workflow,flow_002,stage_2,user_002,王三哥,flow_002_流程超时_04_09
log_id_000010,2021-12-11 12:05:00,query,_,_,user_001,_,_
log_id_000011,2021-12-11 12:05:10,workflow,flow_003,stage_start,user_003,小花,_
log_id_000012,2021-12-11 12:06:10,workflow,flow_004,stage_start,user_004,小刚,_
log_id_000013,2021-12-11 13:04:10,workflow,flow_003,stage_end,user_003,李总,flow_003_正常结束_11_13
log_id_000014,2021-12-11 13:16:00,query,_,_,user_001,_,flow_004_流程超时_12_14
log_id_000015,2021-12-11 13:17:10,workflow,flow_005,stage_start,user_005,小波,_
log_id_000016,2021-12-11 14:17:10,workflow,flow_005,stage_end,user_005,李总,flow_005_正常结束_15_16
log_id_000017,2021-12-11 14:22:00,query,_,_,user_001,_,_
